company_name,product_code,product_description,customer_name,invoice_no,invoice_date,order_qty,item_mrp,total_value
Sri Thirumurugan Auto Parts,2318A-RESW,Panel (Meter) Cover Plastic,Amman Auto Agency,21/03/00043,01-03-2021,2,300,480
Sri Thirumurugan Auto Parts,COP-RAD735,Radiator Copper 735,Amman Auto Agency,SI-21/10/00039,04-10-2021,1,7000,7000
Sri Thirumurugan Auto Parts,WP-735FE,Water Pump 735 FE,Arun Tractor Spare Parts,SI-21/09/00031,21-09-2021,1,1600,1600
Sri Thirumurugan Auto Parts,1955R-RESW,Piston Assy. (Allum.) Power St,Cash - KP,SI-21/02/00002,03-02-2021,1,420,420
Sri Thirumurugan Auto Parts,1955Q-RESW,Gland Assy. (Nut) 48MM With Seal Kit (Power Steering),Cash - KP,SI-21/02/00002,03-02-2021,1,1350,1350
Sri Thirumurugan Auto Parts,2031B-RESW,Bolt & Nut Washer For Rear Rim,Cash - KP,SI-21/02/00016,20-02-2021,5,84,420
Sri Thirumurugan Auto Parts,2008-RESW,Needle Brg. Bull Pinion Shaft,Denz Motors,21/02/00001,01-02-2021,4,156,530.4
Sri Thirumurugan Auto Parts,2008A-RESW,Needle Brg. Bull Pinion Shaft,Denz Motors,21/02/00001,01-02-2021,5,90,382.5
Sri Thirumurugan Auto Parts,1728B-RESW,Mounting Bracket (4 Holes),Dinakaran Auto Spares,21/02/00007,03-02-2021,4,396,1267.2
Sri Thirumurugan Auto Parts,1819-RESW,Shifting Fork 4Th-735-855Fe,Dinakaran Auto Spares,21/02/00007,03-02-2021,1,552,441.6
Sri Thirumurugan Auto Parts,1955Q-RESW,Gland Assy. (Nut) 48MM With Seal Kit (Power Steering),Dinakaran Auto Spares,21/02/00007,03-02-2021,1,1350,1080
Sri Thirumurugan Auto Parts,2008-RESW,Needle Brg. Bull Pinion Shaft,Dinakaran Auto Spares,21/02/00007,03-02-2021,5,156,624
Sri Thirumurugan Auto Parts,1955R-RESW,Piston Assy. (Allum.) Power St,Dinakaran Auto Spares,21/02/00007,03-02-2021,2,420,672
Sri Thirumurugan Auto Parts,1955P-RESW,Gland Assy.(Nut) With Seal Kit,Dinakaran Auto Spares,21/02/00007,03-02-2021,1,1320,1056
Sri Thirumurugan Auto Parts,1928D-RESW,Steering Drop Arm Rane,Dinakaran Auto Spares,21/03/00049,18-03-2021,1,972,777.6
Sri Thirumurugan Auto Parts,2233C-RESW,Delivery Pipe Both Big Nut,Dinakaran Auto Spares,21/03/00053,24-03-2021,4,468,1497.6
Sri Thirumurugan Auto Parts,1867-RESW,Lay Shaft Check Nut-855 Fe,Dinakaran Auto Spares,21/03/00053,24-03-2021,3,86,206.4
Sri Thirumurugan Auto Parts,1691-RESW,Accelerator Connecting Wire,Dinakaran Auto Spares,21/03/00053,24-03-2021,20,12,192
Sri Thirumurugan Auto Parts,1922M-RESW,Steering Main Nut With Balls R,Dinakaran Auto Spares,21/04/00002,09-04-2021,1,672,537.6
Sri Thirumurugan Auto Parts,1819-RESW,Shifting Fork 4Th-735-855Fe,Dinakaran Auto Spares,21/04/00002,09-04-2021,3,552,1324.8
Sri Thirumurugan Auto Parts,1807-RESW,Shifter Bush Iind,Dinakaran Auto Spares,21/04/00002,09-04-2021,5,260,1040
Sri Thirumurugan Auto Parts,1955R-RESW,Piston Assy. (Allum.) Power St,Dinakaran Auto Spares,21/04/00002,09-04-2021,1,420,336
Sri Thirumurugan Auto Parts,2251A-RESW,Dist.Assy.(Big Head)Single Pin,Dinakaran Auto Spares,21/06/00016,24-06-2021,1,3350,2680
Sri Thirumurugan Auto Parts,Q722522-O,"Shaft- Intermediate(Z16,Z21/12,311 Mm Lo",Dinakaran Auto Spares,21/08/00047,06-08-2021,1,3120,2340
Sri Thirumurugan Auto Parts,OIB-SEAL KIT,Seal Kit Of Eco. Hyd Cyl.(Ps)1 - (10012515AA),G.N.M Agencies,21/08/00051,07-08-2021,5,559,2208.05
Sri Thirumurugan Auto Parts,COU001,Courier Charges,G.N.M Agencies,21/08/00051,07-08-2021,1,50,50
Sri Thirumurugan Auto Parts,WP-735FE,Water Pump 735 FE,G R Agencies,SI-21/09/00032,21-09-2021,2,1600,3200
Sri Thirumurugan Auto Parts,2233C-RESW,Delivery Pipe Both Big Nut,Jaya Auto Stores,21/02/00005,02-02-2021,4,468,1497.6
Sri Thirumurugan Auto Parts,2233D-RESW,Delivery Pipe(Outside Fitting),Jaya Auto Stores,21/02/00005,02-02-2021,1,444,355.2
Sri Thirumurugan Auto Parts,2251F-RESW,Distributor Asy.Bottom Adopter,Jaya Auto Stores,21/06/00019,26-06-2021,1,3350,2680
Sri Thirumurugan Auto Parts,2008A-RESW,Needle Brg. Bull Pinion Shaft,Jayam Autos Agencies,21/02/00018,09-02-2021,5,90,360
Sri Thirumurugan Auto Parts,1928D-RESW,Steering Drop Arm Rane,Jayam Autos Agencies,21/02/00034,18-02-2021,1,972,806.76
Sri Thirumurugan Auto Parts,2008-RESW,Needle Brg. Bull Pinion Shaft,Jayam Autos Agencies,21/02/00036,20-02-2021,5,156,624
Sri Thirumurugan Auto Parts,1724C-RESW,Inlet Manifold Adopter-843 Xm,Jayam Autos Agencies,21/03/00051,20-03-2021,1,780,624
Sri Thirumurugan Auto Parts,2318A-RESW,Panel (Meter) Cover Plastic,Jayam Autos Agencies,21/07/00022,01-07-2021,1,300,249
Sri Thirumurugan Auto Parts,WP-735FE,Water Pump 735 FE,Jayam Autos Agencies,SI-21/09/00035,27-09-2021,1,1600,1600
Sri Thirumurugan Auto Parts,SCOVER-SW,Seat Cover - Swaraj,K.Sivakumar,SI-22/01/00076,12-01-2022,15,200,3000
Sri Thirumurugan Auto Parts,SCOVER-SW,Seat Cover - Swaraj,K.Sivakumar,SI-22/02/00086,14-02-2022,10,200,2000
Sri Thirumurugan Auto Parts,1917-RESW,Rubber Boot Tie Rod End,Kongu Auto Spares,21/02/00029,16-02-2021,10,15,120
Sri Thirumurugan Auto Parts,1789F-RESW,Special Bolt W/Nut Oil Brake,Maha Automobiles,21/02/00012,06-02-2021,10,29,232
Sri Thirumurugan Auto Parts,1691A-RESW,Accelerator Chain With Base Le,Maha Automobiles,21/02/00021,10-02-2021,4,78,252.72
Sri Thirumurugan Auto Parts,OIB-STEEL-DISC,OIB Steel Disc,Maha Automobiles,21/04/00001,02-04-2021,18,335,4522.5
Sri Thirumurugan Auto Parts,OIB-LINER-RP,OIB Brake Liner                                                ,Maha Automobiles,21/04/00001,02-04-2021,10,520,3900
Sri Thirumurugan Auto Parts,SR-12-RESW,Gear Z-18X12 (37Mm Height),Maha Automobiles,21/04/00009,30-04-2021,1,744,595.2
Sri Thirumurugan Auto Parts,SR-12A-RES,Gear Z-18X12 (34Mm Height),Maha Automobiles,21/04/00009,30-04-2021,1,744,595.2
Sri Thirumurugan Auto Parts,SR-18-RESW,Gear Z-34X12 Old Model,Maha Automobiles,21/04/00009,30-04-2021,1,1338,1070.4
Sri Thirumurugan Auto Parts,SR-19-RESW,Gear Z-34X12 New Model,Maha Automobiles,21/04/00009,30-04-2021,1,1392,1113.6
Sri Thirumurugan Auto Parts,1708G-RESW,Foot Thr.Kit Complete-735-834,Maha Automobiles,21/04/00009,30-04-2021,1,1040,832
Sri Thirumurugan Auto Parts,1708B-RESW,Hand Throttle Assy (2Pc Type),Maha Automobiles,21/04/00009,30-04-2021,1,430,344
Sri Thirumurugan Auto Parts,1687B-RESW,Accl.Coil Spring&Bolt Kit Of 7,Maha Automobiles,21/04/00009,30-04-2021,3,60,144
Sri Thirumurugan Auto Parts,412700586/4340459100,LLUK Spring Kits Diaphragm,Maha Automobiles,21/06/00014,22-06-2021,2,1076,1829.2
Sri Thirumurugan Auto Parts,OIB-STEEL-DISC,OIB Steel Disc,Maha Automobiles,21/07/00032,17-07-2021,18,335,4522.5
Sri Thirumurugan Auto Parts,OIB-BOOT-SWR,Oil Brake Boot                                     PTL Boot,Maha Automobiles,21/07/00032,17-07-2021,40,185,4440
Sri Thirumurugan Auto Parts,OIB-LINER-J,OIB Brake Liner                                     JMS,Maha Automobiles,21/08/00049,07-08-2021,50,580,21750
Sri Thirumurugan Auto Parts,REX-19C,Rexroth Hydraulic Swaraj Pump -19CC  - R983032309 24LPM,Maha Automobiles,21/08/00059,18-08-2021,1,3100,2945
Sri Thirumurugan Auto Parts,OIB-BOOT-SWR,Oil Brake Boot                                     PTL Boot,Maha Automobiles,22/01/00133,06-01-2022,20,185,2220
Sri Thirumurugan Auto Parts,OIB-STEEL-DISC,OIB Steel Disc,Maha Automobiles,22/01/00133,06-01-2022,20,335,5025
Sri Thirumurugan Auto Parts,1955R-RESW,Piston Assy. (Allum.) Power St,Mangala Tractors,21/02/00014,08-02-2021,1,420,357
Sri Thirumurugan Auto Parts,L016000P0300,LLUK Swaraj 855 Spring,Mangala Tractors,21/06/00018,25-06-2021,2,588,999.6
Sri Thirumurugan Auto Parts,SR-18-RESW,Gear Z-34X12 Old Model,Moorthy,SI-21/02/00013,13-02-2021,1,1538,1322.68
Sri Thirumurugan Auto Parts,2337-RESW,Battery Cover Shell (Side Fitg,Moorthy,SI-21/02/00015,19-02-2021,1,1428,1228.08
Sri Thirumurugan Auto Parts,2270-RESW,Lower Link End (Big),Moorthy,SI-21/03/00022,03-03-2021,3,406,1035.3
Sri Thirumurugan Auto Parts,2271-RESW,Lower Link End (Small),Moorthy,SI-21/03/00022,03-03-2021,3,300,765
Sri Thirumurugan Auto Parts,SR-19-RESW,Gear Z-34X12 New Model,Moorthy,SI-21/03/00028,23-03-2021,1,1392,1183.2
Sri Thirumurugan Auto Parts,1857B-RESW,Idler Gear Pin-735 Fe-855,Moorthy Agencies,21/02/00038,24-02-2021,1,214,181.9
Sri Thirumurugan Auto Parts,1807-RESW,Shifter Bush Iind,Moorthy Agencies,21/06/00020,30-06-2021,2,260,442
Sri Thirumurugan Auto Parts,1819-RESW,Shifting Fork 4Th-735-855Fe,P.S.S Auto Agency,21/03/00052,23-03-2021,1,552,441.6
Sri Thirumurugan Auto Parts,COU001,Courier Charges,P.S.S Auto Agency,21/03/00052,23-03-2021,1,40,40
Sri Thirumurugan Auto Parts,1739G-RESW,Silencer Elbow-744 (11Mm Hole),Padmavathi Enterprises,21/02/00023,11-02-2021,1,660,594
Sri Thirumurugan Auto Parts,1728B-RESW,Mounting Bracket (4 Holes),Padmavathi Enterprises,21/02/00023,11-02-2021,2,396,712.8
Sri Thirumurugan Auto Parts,1955Q-RESW,Gland Assy. (Nut) 48MM With Seal Kit (Power Steering),Padmavathi Enterprises,21/02/00032,17-02-2021,1,1350,1215
Sri Thirumurugan Auto Parts,OLDREX12C,Rexroth Tractor Pump (External  Gear Pump)          12CC/R F002E10023AM R983032292,Rajesh Trading Company,21/08/00055,13-08-2021,1,3050,3050
Sri Thirumurugan Auto Parts,1955Q-RESW,Gland Assy. (Nut) 48MM With Seal Kit (Power Steering),Ram Agency,21/02/00031,17-02-2021,1,1350,1215
Sri Thirumurugan Auto Parts,2166D-RESW,Piston Assy. (95Mm-3 Groove),Ram Agency,21/02/00037,23-02-2021,1,970,873
Sri Thirumurugan Auto Parts,COP-RAD735,Radiator Copper 735,Rekha Tractor Spares,SI-21/09/00027,07-09-2021,1,6900,6900
Sri Thirumurugan Auto Parts,OIB-DRUMBRK744LH,744 Swaraj Brake Drum LH,Ritikaa Tractor Spares Parts,21/06/00013,18-06-2021,1,4450,3782.5
Sri Thirumurugan Auto Parts,OIB-ACTUATOR ASSY,Swaraj Actuator Assembly,Ritikaa Tractor Spares Parts,21/07/00036,21-07-2021,2,2650,4505
Sri Thirumurugan Auto Parts,OIB-ACTUATOR ASSY,Swaraj Actuator Assembly,Ritikaa Tractor Spares Parts,21/07/00039,22-07-2021,2,2650,4505
Sri Thirumurugan Auto Parts,2270-RESW,Lower Link End (Big),S.P.S Motors,21/02/00040,25-02-2021,2,406,649.6
Sri Thirumurugan Auto Parts,1724C-RESW,Inlet Manifold Adopter-843 Xm,S.V. Motors,21/02/00006,02-02-2021,1,780,702
Sri Thirumurugan Auto Parts,COU001,Courier Charges,S.V. Motors,21/02/00006,02-02-2021,1,100,100
Sri Thirumurugan Auto Parts,1930Z-RESW,Gear Lever Catori-Spring Pin-K,Saran Auto Spares,21/02/00026,13-02-2021,5,80,320
Sri Thirumurugan Auto Parts,2167-RESW,Piston 3 Groove (86Mm),Sathya Tractor Spares,21/02/00041,26-02-2021,1,942,734.76
Sri Thirumurugan Auto Parts,SR-40A-RESW,Rock Shaft 55Mm Dia 515Mm Long,Sathya Tractor Spares,21/02/00041,26-02-2021,1,3300,2574
Sri Thirumurugan Auto Parts,2175A-RESW,Hyd.Piston Fibre Seal(Kit Of 4,Sathya Tractor Spares,21/02/00041,26-02-2021,3,438,1024.92
Sri Thirumurugan Auto Parts,USHA-SHP-02,"Hydraulic Pump Swaraj 855 FE, 744 FE (2Hole Flange) Usha",Sathya Tractor Spares,21/10/00078,05-10-2021,2,2900,5800
Sri Thirumurugan Auto Parts,1738-RESW,Exhaust Manifold-735-855 (8 Mm,Sathya Tractor Spares,21/10/00078,05-10-2021,1,1360,1088
Sri Thirumurugan Auto Parts,REX-12C,Swaraj Hydraulic Gear Pump 12CC 16LPM R983032292 16LPM,Sathya Tractor Spares,21/10/00078,05-10-2021,2,3500,6510
Sri Thirumurugan Auto Parts,A5-329L,Head Light Swaraj XM Left,Sathya Tractor Spares,SI-21/12/00054,04-12-2021,1,500,500
Sri Thirumurugan Auto Parts,A5-329R,Head Light Swaraj XM Right,Sathya Tractor Spares,SI-21/12/00054,04-12-2021,1,500,500
Sri Thirumurugan Auto Parts,1659F-RESW,Hose Pipe (Kit 5 Pcs) 735 Xm,Senthil Tractors,21/02/00028,15-02-2021,1,726,624.36
Sri Thirumurugan Auto Parts,2357A-RESW,Stablizer Pin with chain,Sivasakthi Agencies - MRT,21/02/00020,10-02-2021,10,96,787.2
Sri Thirumurugan Auto Parts,1738-RESW,Exhaust Manifold-735-855 (8 Mm,Sivasakthi Agencies - MRT,21/06/00015,24-06-2021,1,1360,1115.2
Sri Thirumurugan Auto Parts,2169-RESW,Ram Cylinder Connecting Rod,Sivasakthi Agencies - MRT,21/06/00015,24-06-2021,2,490,803.6
Sri Thirumurugan Auto Parts,2233C-RESW,Delivery Pipe Both Big Nut,Sivasakthi Agencies - MRT,21/07/00025,10-07-2021,2,468,767.52
Sri Thirumurugan Auto Parts,2233D-RESW,Delivery Pipe(Outside Fitting),Sivasakthi Agencies - MRT,21/07/00025,10-07-2021,2,444,728.16
Sri Thirumurugan Auto Parts,REX-19C-Old,Rexroth Tractor Pump (External  Gear Pump) 19CC/R F002E10035AM R983032309,Sivasakthi Agencies - MRT,21/07/00043,30-07-2021,1,3200,3200
Sri Thirumurugan Auto Parts,OLDREX12C,Rexroth Tractor Pump (External  Gear Pump)          12CC/R F002E10023AM R983032292,Sivasakthi Agencies - MRT,21/08/00046,05-08-2021,1,3050,3050
Sri Thirumurugan Auto Parts,USHA-SHP-02,"Hydraulic Pump Swaraj 855 FE, 744 FE (2Hole Flange) Usha",Sivasakthi Agencies - MRT,21/08/00046,05-08-2021,1,3713,3341.7
Sri Thirumurugan Auto Parts,WP-735FE,Water Pump 735 FE,Sivasakthi Agencies - MRT,SI-21/09/00028,16-09-2021,2,1600,3200
Sri Thirumurugan Auto Parts,WP-735FE,Water Pump 735 FE,Sivasakthi Agencies - KGM,SI-21/09/00029,18-09-2021,1,1600,1600
Sri Thirumurugan Auto Parts,COP-RAD744,Radiator Copper 744,Somu,SI-22/01/00077,12-01-2022,1,7500,7500
Sri Thirumurugan Auto Parts,2251A-RESW,Dist.Assy.(Big Head)Single Pin,Sree Amman Tractor,21/02/00002,02-02-2021,1,3350,3015
Sri Thirumurugan Auto Parts,1902F-RESW,Spindle Arm Big Lh - Half Spli,Sree Amman Tractor,21/02/00035,18-02-2021,2,1740,3132
Sri Thirumurugan Auto Parts,2356W-RESW,Stabilizer Assy.Thick R.H 'U',Sree Amman Tractor,21/03/00048,13-03-2021,2,1374,2473.2
Sri Thirumurugan Auto Parts,000022174RD,BUSH (46.775X50.127X28.01),Sri Amman Tractor Center,21/01/00393,15-01-2021,1,69,58.65
Sri Thirumurugan Auto Parts,COP-RAD744,Radiator Copper 744,Sri Amman Tractor Center,SI-21/11/00050,26-11-2021,1,6500,6500
Sri Thirumurugan Auto Parts,SR-18-RESW,Gear Z-34X12 Old Model,Sri Amman Tractor Spares,21/03/00045,02-03-2021,1,1338,1043.64
Sri Thirumurugan Auto Parts,1857B-RESW,Idler Gear Pin-735 Fe-855,Sri Amman Tractor Spares,21/03/00045,02-03-2021,2,214,333.84
Sri Thirumurugan Auto Parts,2169-RESW,Ram Cylinder Connecting Rod,Sri Amman Tractor Spares,21/06/00017,25-06-2021,2,490,784
Sri Thirumurugan Auto Parts,1823-RESW,Clutch Hub-735-855 Double Clut,Sri Amman Tractor Spares,21/06/00021,30-06-2021,1,350,290.5
Sri Thirumurugan Auto Parts,2360D-RESW,Square Bar(Inner Of Stablizer),Sri Avinashi Tractors,21/02/00008,03-02-2021,4,386,1235.2
Sri Thirumurugan Auto Parts,1652B-RESW,Shroud (Cowling) Nylon Radiato,Sri Avinashi Tractors,21/02/00008,03-02-2021,2,210,336
Sri Thirumurugan Auto Parts,2008-RESW,Needle Brg. Bull Pinion Shaft,Sri Avinashi Tractors,21/02/00027,13-02-2021,2,156,249.6
Sri Thirumurugan Auto Parts,1822-RESW,Clutch Hub -735-855 Single Clu,Sri Avinashi Tractors,21/03/00046,05-03-2021,2,364,582.4
Sri Thirumurugan Auto Parts,2169-RESW,Ram Cylinder Connecting Rod,Sri Avinashi Tractors,21/03/00046,05-03-2021,1,490,392
Sri Thirumurugan Auto Parts,1708B-RESW,Hand Throttle Assy (2Pc Type),Sri Avinashi Tractors,21/03/00047,09-03-2021,2,430,688
Sri Thirumurugan Auto Parts,628G-ES,Adopter Power Steering Unit D/Pump,Sri Avinashi Tractors,21/09/00067,03-09-2021,4,112,358.4
Sri Thirumurugan Auto Parts,1951D-RESW,Steering Mounting Bracket,Sri Balamurugan Agencies,21/02/00024,11-02-2021,1,3030,2363.4
Sri Thirumurugan Auto Parts,1687B-RESW,Accl.Coil Spring&Bolt Kit Of 7,Sri Balamurugan Agencies,21/02/00030,16-02-2021,5,60,234
Sri Thirumurugan Auto Parts,SCOVER-SW,Seat Cover - Swaraj,Sri Balamurugan Agencies,SI-21/12/00064,20-12-2021,1,200,200
Sri Thirumurugan Auto Parts,SCOVER-MM,Seat Cover - Mahindra Bumiputra Latest,Sri Balamurugan Agencies,SI-21/12/00064,20-12-2021,1,200,200
Sri Thirumurugan Auto Parts,WP-735FE,Water Pump 735 FE,Sri Mahindra Tractors Spares,SI-21/10/00040,04-10-2021,1,1700,1700
Sri Thirumurugan Auto Parts,1951D-RESW,Steering Mounting Bracket,Sri Murugan Agencies,21/02/00004,02-02-2021,1,3030,2424
Sri Thirumurugan Auto Parts,1691A-RESW,Accelerator Chain With Base Le,Sri Murugan Agencies,21/02/00016,09-02-2021,5,78,312
Sri Thirumurugan Auto Parts,1652B-RESW,Shroud (Cowling) Nylon Radiato,Sri Murugan Agencies,21/02/00016,09-02-2021,2,210,336
Sri Thirumurugan Auto Parts,2163A-RESW,Cyl.With Piston 76Mm 3 Groove,Sri Murugan Agencies,21/04/00010,30-04-2021,2,2400,3696
Sri Thirumurugan Auto Parts,1889M-RESW,"Shaft 12"" For Spline Type Spin",Sri Ram Automobiles,21/02/00015,08-02-2021,2,900,1440
Sri Thirumurugan Auto Parts,2251F-RESW,Distributor Asy.Bottom Adopter,Sri Senthil Tractors & Auto,21/07/00026,10-07-2021,1,3350,2680
Sri Thirumurugan Auto Parts,COP-RAD735,Radiator Copper 735,Sri Senthil Tractors & Auto,SI-21/08/00021,26-08-2021,1,6700,6700
Sri Thirumurugan Auto Parts,SR-19-RESW,Gear Z-34X12 New Model,Sri Srinivas Auto Store,21/07/00037,22-07-2021,1,1392,1183.2
Sri Thirumurugan Auto Parts,1889-RESW,Spindle Assy. Common,Sri Srinivas Auto Store,21/07/00037,22-07-2021,2,1680,2856
Sri Thirumurugan Auto Parts,1659F-RESW,Hose Pipe (Kit 5 Pcs) 735 Xm,Sri Sundhara Vinayaga Auto Parts,21/02/00010,05-02-2021,1,726,580.8
Sri Thirumurugan Auto Parts,1662-RESW,Hose Pipe (Kit Of 4 Pcs)-744-8,Sri Sundhara Vinayaga Auto Parts,21/02/00010,05-02-2021,1,438,350.4
Sri Thirumurugan Auto Parts,1628-RESW,Leak Off Pipe Flexible 8Mm Hol,Sri Sundhara Vinayaga Auto Parts,21/02/00010,05-02-2021,2,114,182.4
Sri Thirumurugan Auto Parts,2008-RESW,Needle Brg. Bull Pinion Shaft,Sri Sundhara Vinayaga Auto Parts,21/02/00022,11-02-2021,1,156,132.6
Sri Thirumurugan Auto Parts,2008A-RESW,Needle Brg. Bull Pinion Shaft,Sri Sundhara Vinayaga Auto Parts,21/02/00022,11-02-2021,1,90,76.5
Sri Thirumurugan Auto Parts,SR-48D-RES,Bull Gear 54/22 (45Mm Thick),Sri Sundhara Vinayaga Auto Parts,21/03/00050,20-03-2021,1,7242,5793.6
Sri Thirumurugan Auto Parts,SR-47C-RES,Bull Pini.Sha.Lh 11-Teet Small,Sri Sundhara Vinayaga Auto Parts,21/03/00050,20-03-2021,1,3336,2668.8
Sri Thirumurugan Auto Parts,2318A-RESW,Panel (Meter) Cover Plastic,Sri Thirumala Auto Stores,21/02/00025,11-02-2021,1,300,240
Sri Thirumurugan Auto Parts,1659F-RESW,Hose Pipe (Kit 5 Pcs) 735 Xm,Sri Vari Automobiles,21/02/00013,06-02-2021,1,726,580.8
Sri Thirumurugan Auto Parts,AM-DC11ASSY,Swaraj Tractor Double Clutch Assembly / 48HP 744FE R1100566,Sri Vari Automobiles,21/04/00007,26-04-2021,1,10611,9019.35
Sri Thirumurugan Auto Parts,1604M-RESW,Oil Cooler Pipe-744 Big Bend,Sri Vasavi Agencies,21/02/00003,02-02-2021,2,546,928.2
Sri Thirumurugan Auto Parts,1739G-RESW,Silencer Elbow-744 (11Mm Hole),Sri Vinayaka Tractor Works,21/02/00017,09-02-2021,1,660,561
Sri Thirumurugan Auto Parts,1739H-RESW,Silencer Elbow N/M (11Mm Hole),Sri Vinayaka Tractor Works,21/04/00006,26-04-2021,1,850,722.5
Sri Thirumurugan Auto Parts,SCOVER-SW,Seat Cover - Swaraj,Thirumurugan Agencies,SI-21/12/00065,20-12-2021,2,200,400
Sri Thirumurugan Auto Parts,SCOVER-MM,Seat Cover - Mahindra Bumiputra Latest,Thirumurugan Agencies,SI-21/12/00065,20-12-2021,2,200,400
The Thirumurugan Tractor Spares,P703030,Tie Rod End Assembly (Left),Aadithya Tractors,SI/22/09/00727,21-09-2022,1,820,697
The Thirumurugan Tractor Spares,P231001C,Hub- Axle,Aathi Vinayaga Auto Store,21/07/00861,07-07-2021,2,1358,2308.6
The Thirumurugan Tractor Spares,P780948B,Filter Assembly (Transmission),Aathi Vinayaga Auto Store,21/07/00861,07-07-2021,5,323,1372.75
The Thirumurugan Tractor Spares,P783870,Plate Assembly (Left),Aathi Vinayaga Auto Store,21/07/00861,07-07-2021,1,649,551.65
The Thirumurugan Tractor Spares,P783890,Plate Assembly (Right),Aathi Vinayaga Auto Store,21/07/00861,07-07-2021,1,649,551.65
The Thirumurugan Tractor Spares,P783890A,Plate Assembly (Right),Aathi Vinayaga Auto Store,21/07/00861,07-07-2021,1,649,551.65
The Thirumurugan Tractor Spares,P783870A,Plate Assembly (Left),Aathi Vinayaga Auto Store,21/07/00861,07-07-2021,1,649,551.65
The Thirumurugan Tractor Spares,P750920C,Plate Assembly (Right),Aathi Vinayaga Auto Store,21/07/00861,07-07-2021,1,883,750.55
The Thirumurugan Tractor Spares,P750720C,Plate Assembly (Left),Aathi Vinayaga Auto Store,21/07/00861,07-07-2021,1,870,739.5
The Thirumurugan Tractor Spares,P10001801A,Bracket- Guide,Aathi Vinayaga Auto Store,21/07/00861,07-07-2021,1,454,385.9
The Thirumurugan Tractor Spares,P125847,Bracket- Guide,Aathi Vinayaga Auto Store,21/07/00861,07-07-2021,1,450,382.5
The Thirumurugan Tractor Spares,P783027A,Bracket- Guide,Aathi Vinayaga Auto Store,21/07/00861,07-07-2021,1,429,364.65
The Thirumurugan Tractor Spares,P783345,Link- Rocker,Aathi Vinayaga Auto Store,21/07/00861,07-07-2021,1,840,714
The Thirumurugan Tractor Spares,P783080E,Link Assembly- Rocker,Aathi Vinayaga Auto Store,21/07/00861,07-07-2021,1,877,745.45
The Thirumurugan Tractor Spares,P750720F,Plate Assembly (Left)(For Lower Link),Aathi Vinayaga Auto Store,21/07/00861,07-07-2021,1,875,743.75
The Thirumurugan Tractor Spares,P10000261A,Link- Lower End (Cat Ii),Aathi Vinayaga Auto Store,21/07/00861,07-07-2021,4,431,1465.4
The Thirumurugan Tractor Spares,P358003A,Cover,Aathi Vinayaga Auto Store,21/07/00861,07-07-2021,2,376,639.2
The Thirumurugan Tractor Spares,P758003C,Cover,Aathi Vinayaga Auto Store,21/07/00861,07-07-2021,2,376,639.2
The Thirumurugan Tractor Spares,P250032,Spring - Brake Pedal,Aathi Vinayaga Auto Store,21/07/00861,07-07-2021,8,77,523.6
The Thirumurugan Tractor Spares,P280032,Spring- Tension Brake Pedal,Aathi Vinayaga Auto Store,21/07/00861,07-07-2021,10,48,408
The Thirumurugan Tractor Spares,P000828,"Kit- Brake Seal (160/190 Mm,724/34/35/74",Aathi Vinayaga Auto Store,21/07/00861,07-07-2021,10,62,527
The Thirumurugan Tractor Spares,P10001227D,Cross (With Changed Material),Aathi Vinayaga Auto Store,21/07/00861,07-07-2021,2,1105,1878.5
The Thirumurugan Tractor Spares,P722018A,Fork- Shifter Ii-Iii,Aathi Vinayaga Auto Store,21/07/00861,07-07-2021,2,345,586.5
The Thirumurugan Tractor Spares,P322053A,Fork- Shifter Iii-Iv,Aathi Vinayaga Auto Store,21/07/00861,07-07-2021,2,697,1184.9
The Thirumurugan Tractor Spares,P722020B,Fork- Shifter (1St Reverse),Aathi Vinayaga Auto Store,21/07/00861,07-07-2021,2,550,935
The Thirumurugan Tractor Spares,P322018A,Fork- Shifter Ii,Aathi Vinayaga Auto Store,21/07/00861,07-07-2021,2,495,841.5
The Thirumurugan Tractor Spares,M21521,Bearing- Taper Roller (32212) - NBC,Aathi Vinayaga Auto Store,21/07/00861,07-07-2021,4,872,2964.8
The Thirumurugan Tractor Spares,M21607A,Bearing- Taper Roller (3780/3720),Aathi Vinayaga Auto Store,21/07/00861,07-07-2021,1,830,705.5
The Thirumurugan Tractor Spares,P000325A,Kit- Bevel Pinion/Wheel &Cross (744/855),Aathi Vinayaga Auto Store,21/07/00861,07-07-2021,1,5168,4392.8
The Thirumurugan Tractor Spares,P395230B,Float Assembly,Aathi Vinayaga Auto Store,21/07/00861,07-07-2021,2,309,525.3
The Thirumurugan Tractor Spares,P759201B,Liner- Brake (Wet Brake),Aathi Vinayaga Auto Store,21/07/00861,07-07-2021,8,667,4535.6
The Thirumurugan Tractor Spares,P734108B,Boot- Rubber,Aathi Vinayaga Auto Store,21/07/00861,07-07-2021,5,101,429.25
The Thirumurugan Tractor Spares,P211400,Knob,Aathi Vinayaga Auto Store,21/07/00861,07-07-2021,8,33,224.4
The Thirumurugan Tractor Spares,P280008C,Clevis,Aathi Vinayaga Auto Store,21/07/00861,07-07-2021,2,228,387.6
The Thirumurugan Tractor Spares,P783006,Rod- Sensor,Aathi Vinayaga Auto Store,21/07/00861,07-07-2021,2,250,425
The Thirumurugan Tractor Spares,P386448,Rod- Sensor (Tapered Neck),Aathi Vinayaga Auto Store,21/07/00861,07-07-2021,2,314,533.8
The Thirumurugan Tractor Spares,P280006B,Rod- Sensor,Aathi Vinayaga Auto Store,21/07/00861,07-07-2021,2,219,372.3
The Thirumurugan Tractor Spares,P386548A,Clevis,Aathi Vinayaga Auto Store,21/07/00861,07-07-2021,4,222,754.8
The Thirumurugan Tractor Spares,P10001206A,Clevis,Aathi Vinayaga Auto Store,21/07/00861,07-07-2021,2,182,309.4
The Thirumurugan Tractor Spares,P386553,Pipe- Brake (Right),Aathi Vinayaga Auto Store,21/07/00861,07-07-2021,2,247,419.9
The Thirumurugan Tractor Spares,P386552,Pipe- Brake (Left),Aathi Vinayaga Auto Store,21/07/00861,07-07-2021,2,247,419.9
The Thirumurugan Tractor Spares,P000840,Kit- Piston Rings (Ram Cylinder),Aathi Vinayaga Auto Store,21/07/00861,07-07-2021,2,505,858.5
The Thirumurugan Tractor Spares,P783303A,Handle - response valve grey colour,Aathi Vinayaga Auto Store,21/07/00861,07-07-2021,4,58,197.2
The Thirumurugan Tractor Spares,P000839,Kit- Response & Control Valve,Aathi Vinayaga Auto Store,21/07/00861,07-07-2021,2,140,238
The Thirumurugan Tractor Spares,P000304,Kit- O Ring For Control Valve,Aathi Vinayaga Auto Store,21/07/00861,07-07-2021,2,33,56.1
The Thirumurugan Tractor Spares,P000702,Kit- O Ring For Response Valve,Aathi Vinayaga Auto Store,21/07/00861,07-07-2021,2,148,251.6
The Thirumurugan Tractor Spares,P000302,Kit- O Ring For Response Valve,Aathi Vinayaga Auto Store,21/07/00861,07-07-2021,2,86,146.2
The Thirumurugan Tractor Spares,P783050C,Valve Assembly- Relief (Cylinder) - alt 10028944AD ,Aathi Vinayaga Auto Store,21/07/00861,07-07-2021,2,300,510
The Thirumurugan Tractor Spares,P783058,"Valve- Lift Safety (Blackened,180) hyd cylinder",Aathi Vinayaga Auto Store,21/07/00861,07-07-2021,2,532,904.4
The Thirumurugan Tractor Spares,P783059,Valve- System Relief (White Passivated 1) response body,Aathi Vinayaga Auto Store,21/07/00861,07-07-2021,2,523,889.1
The Thirumurugan Tractor Spares,P000319,"Kit- Rock Shaft Repair(Hydraulics,1000 K",Aathi Vinayaga Auto Store,21/07/00861,07-07-2021,2,719,1222.3
The Thirumurugan Tractor Spares,P000719,"Kit- Rock Shaft Repair(Hydraulics,1000 K",Aathi Vinayaga Auto Store,21/07/00861,07-07-2021,2,873,1484.1
The Thirumurugan Tractor Spares,P386416,Bush- Sintered,Aathi Vinayaga Auto Store,21/07/00861,07-07-2021,16,125,1700
The Thirumurugan Tractor Spares,P386403,Housing- Bush,Aathi Vinayaga Auto Store,21/07/00861,07-07-2021,2,430,731
The Thirumurugan Tractor Spares,P706537C,Reservoir- Power Steering (Modified),Aathi Vinayaga Auto Store,21/07/00861,07-07-2021,2,1275,2167.5
The Thirumurugan Tractor Spares,P386407,O Ring (Rock Shaft Bush),Aathi Vinayaga Auto Store,21/07/00861,07-07-2021,10,56,476
The Thirumurugan Tractor Spares,P386408,O Ring (Rock Shaft Bush Flange),Aathi Vinayaga Auto Store,21/07/00861,07-07-2021,5,55,233.75
The Thirumurugan Tractor Spares,P000844,Kit- Bush (724/834/735),Aathi Vinayaga Auto Store,21/07/00861,07-07-2021,1,954,810.9
The Thirumurugan Tractor Spares,P000845,Kit- Steering Wheel With Cap,Aathi Vinayaga Auto Store,21/07/00861,07-07-2021,2,1358,2308.6
The Thirumurugan Tractor Spares,P707701A,Strainer Assembly,Aathi Vinayaga Auto Store,21/07/00861,07-07-2021,3,396,1009.8
The Thirumurugan Tractor Spares,P780979,Hose (S-922),Aathi Vinayaga Auto Store,21/07/00861,07-07-2021,4,218,741.2
The Thirumurugan Tractor Spares,P000736,Kit- Diesel Filter&Oil Filter,Aathi Vinayaga Auto Store,21/07/00861,07-07-2021,5,235,998.75
The Thirumurugan Tractor Spares,P10000882B,Filter Element (Air Cleaner),Aathi Vinayaga Auto Store,21/07/00861,07-07-2021,5,270,1147.5
The Thirumurugan Tractor Spares,P706754,Filter- Hydraulic,Aathi Vinayaga Auto Store,21/07/00861,07-07-2021,3,356,907.8
The Thirumurugan Tractor Spares,P333070,Filter- Spin On (60 Liter Per Minute),Aathi Vinayaga Auto Store,21/07/00861,07-07-2021,2,804,1366.8
The Thirumurugan Tractor Spares,P761505D,Meter- Hour,Aathi Vinayaga Auto Store,21/07/00861,07-07-2021,2,724,1230.8
The Thirumurugan Tractor Spares,P10004130A,Meter- Hour (Improved) - Anti Clock wise,Aathi Vinayaga Auto Store,21/07/00861,07-07-2021,1,906,770.1
The Thirumurugan Tractor Spares,P710755C,Seperator Assembly- Water (Transparent),Aathi Vinayaga Auto Store,21/07/00861,07-07-2021,2,682,1159.4
The Thirumurugan Tractor Spares,P732826A,Rod Assembly- Tie,Aathi Vinayaga Auto Store,21/07/00861,07-07-2021,1,1515,1287.75
The Thirumurugan Tractor Spares,P335303C,Shifter Assembly- Gear,Aathi Vinayaga Auto Store,21/07/00861,07-07-2021,2,500,850
The Thirumurugan Tractor Spares,P000761,Kit- Spring & Steel Ball (For Gearbox),Aathi Vinayaga Auto Store,21/07/00861,07-07-2021,10,79,671.5
The Thirumurugan Tractor Spares,M77629A,Seal- Oil (25X35X7 Mm),Aathi Vinayaga Auto Store,21/07/00861,07-07-2021,10,61,518.5
The Thirumurugan Tractor Spares,P398787,Cable- Drive,Aathi Vinayaga Auto Store,21/07/00861,07-07-2021,1,410,348.5
The Thirumurugan Tractor Spares,P210141B,Seal- Oil,Aathi Vinayaga Auto Store,21/07/00861,07-07-2021,1,610,518.5
The Thirumurugan Tractor Spares,M77656,Seal- Oil (41X62X16.4 Mm),Aathi Vinayaga Auto Store,21/07/00861,07-07-2021,10,58,493
The Thirumurugan Tractor Spares,M14421,Sleeve- Spring Dowel (M4X28 Mm),Aathi Vinayaga Auto Store,21/07/00861,07-07-2021,30,8,204
The Thirumurugan Tractor Spares,M14438,Sleeve- Spring Dowel (M5X60 Mm),Aathi Vinayaga Auto Store,21/07/00861,07-07-2021,20,12,204
The Thirumurugan Tractor Spares,P395600F,Pipe- Fuel (Fuel Tank To Water Seprator),Aathi Vinayaga Auto Store,21/07/00861,07-07-2021,4,230,782
The Thirumurugan Tractor Spares,P231008A,Bolt- Front Wheel,Aathi Vinayaga Auto Store,21/07/00861,07-07-2021,16,37,503.2
The Thirumurugan Tractor Spares,M12187,Nut- Hex (M16X1.5 Mm),Aathi Vinayaga Auto Store,21/07/00861,07-07-2021,15,21,267.75
The Thirumurugan Tractor Spares,P713045,Dipstick Assembly With O Ring,Aathi Vinayaga Auto Store,21/07/00861,07-07-2021,2,67,113.9
The Thirumurugan Tractor Spares,P713035A,Dipstick Assembly (With O Ring),Aathi Vinayaga Auto Store,21/07/00861,07-07-2021,2,60,102
The Thirumurugan Tractor Spares,P210202,"Joint (Cover, Rocker)",Aathi Vinayaga Auto Store,21/07/00861,07-07-2021,12,56,571.2
The Thirumurugan Tractor Spares,P719422A,Hose- Bottom,Aathi Vinayaga Auto Store,21/07/00861,07-07-2021,5,108,459
The Thirumurugan Tractor Spares,P000328,Kit- Tie Rod End Assembly (Left/Right),Aathi Vinayaga Auto Store,21/07/00861,07-07-2021,4,684,2325.6
The Thirumurugan Tractor Spares,P000330,Kit- Wheel Bolt/Nut/Washer (M16),Aathi Vinayaga Auto Store,21/07/00861,07-07-2021,20,89,1513
The Thirumurugan Tractor Spares,P000723,Kit- Engine Hose Pipe (744/855),Aathi Vinayaga Auto Store,21/07/00861,07-07-2021,2,629,1069.3
The Thirumurugan Tractor Spares,P309184C,Cable- Drive (Tractor Meter)(1810 Mm Lon,Aathi Vinayaga Auto Store,21/07/00861,07-07-2021,4,279,948.6
The Thirumurugan Tractor Spares,P731104,King Pin Stub Axle Assembly (Left&Right),Aathi Vinayaga Auto Store,21/07/00861,07-07-2021,2,2029,3449.3
The Thirumurugan Tractor Spares,P759202B,Boot- Rubber (Wet Brake),Aathi Vinayaga Auto Store,21/07/00861,07-07-2021,20,284,4828
The Thirumurugan Tractor Spares,P10002454A,Cock Assembly- Fuel (Aluminium Body),Aathi Vinayaga Auto Store,21/07/00861,07-07-2021,3,296,754.8
The Thirumurugan Tractor Spares,P125842,Rod- Sensor,Aathi Vinayaga Auto Store,21/07/00861,07-07-2021,2,259,440.3
The Thirumurugan Tractor Spares,P000825,Kit- Rear Axle Repair (744/855Fe),Aathi Vinayaga Auto Store,21/07/00861,07-07-2021,10,187,1589.5
The Thirumurugan Tractor Spares,P313221,Gasket- Cover- Rocker (3A),Aathi Vinayaga Auto Store,21/07/00861,07-07-2021,10,36,306
The Thirumurugan Tractor Spares,P310808C,Shell- Silencer Assembly,Aathi Vinayaga Auto Store,21/07/00861,07-07-2021,2,1308,2223.6
The Thirumurugan Tractor Spares,P313341C,Silencer- Exhaust,Aathi Vinayaga Auto Store,21/07/00861,07-07-2021,2,1722,2927.4
The Thirumurugan Tractor Spares,P700070,Rim- Wheel (Front) (Off White),Aathi Vinayaga Auto Store,21/07/00861,07-07-2021,1,2043,1736.55
The Thirumurugan Tractor Spares,P706080A,Cushion Assembly (New),Aathi Vinayaga Auto Store,21/07/00863,07-07-2021,2,1363,2317.1
The Thirumurugan Tractor Spares,P319410B,Fan- Radiator,Aathi Vinayaga Auto Store,21/07/00863,07-07-2021,2,199,338.3
The Thirumurugan Tractor Spares,M41446,V-Belt (B-46) 735 Fan Belt ord steering ,Aathi Vinayaga Auto Store,21/07/00863,07-07-2021,2,285,484.5
The Thirumurugan Tractor Spares,P319215F,Manifold-Inlet (Water),Aathi Vinayaga Auto Store,21/07/00863,07-07-2021,1,741,629.85
The Thirumurugan Tractor Spares,P719213B,Manifold- Water Outlet,Aathi Vinayaga Auto Store,21/07/00863,07-07-2021,1,1558,1324.3
The Thirumurugan Tractor Spares,P719460A,Tank Assembly- Sub,Aathi Vinayaga Auto Store,21/07/00863,07-07-2021,2,217,368.9
The Thirumurugan Tractor Spares,P313028C,Pipe- Fuel(Filter To Fuel Injection Pump,Aathi Vinayaga Auto Store,21/07/00863,07-07-2021,4,213,724.2
The Thirumurugan Tractor Spares,P706532B,Hose- Flexible (Reservoir For Power),Aathi Vinayaga Auto Store,21/07/00863,07-07-2021,1,479,407.15
The Thirumurugan Tractor Spares,P10001465A,Hose- Flexible (Suction Side To Reservoi,Aathi Vinayaga Auto Store,21/07/00863,07-07-2021,1,374,317.9
The Thirumurugan Tractor Spares,P742906,Knob- Gear Shifter,Aathi Vinayaga Auto Store,21/07/00863,07-07-2021,5,98,416.5
The Thirumurugan Tractor Spares,P10002279A,Switch Assembly- Start,Aathi Vinayaga Auto Store,21/07/00863,07-07-2021,2,424,720.8
The Thirumurugan Tractor Spares,P154041,Fork,Aathi Vinayaga Auto Store,21/07/00863,07-07-2021,5,94,399.5
The Thirumurugan Tractor Spares,P154042,Fork,Aathi Vinayaga Auto Store,21/07/00863,07-07-2021,5,94,399.5
The Thirumurugan Tractor Spares,P380015B,Link Assembly- Top,Aathi Vinayaga Auto Store,21/07/00863,07-07-2021,2,1936,3291.2
The Thirumurugan Tractor Spares,P722044B,Washer- Lock,Aathi Vinayaga Auto Store,21/07/00863,07-07-2021,5,14,59.5
The Thirumurugan Tractor Spares,P713021A,Joint (For Fuel Pump),Aathi Vinayaga Auto Store,21/07/00863,07-07-2021,10,24,204
The Thirumurugan Tractor Spares,P223006A,Rod- Tie,Aathi Vinayaga Auto Store,21/07/00863,07-07-2021,5,111,471.75
The Thirumurugan Tractor Spares,P783359,Sensor,Aathi Vinayaga Auto Store,21/07/00863,07-07-2021,1,104,88.4
The Thirumurugan Tractor Spares,P213042C,"Adaptor, Water Pump",Aathi Vinayaga Auto Store,21/07/00863,07-07-2021,2,237,402.9
The Thirumurugan Tractor Spares,P10002280A,Key- Switch (For P10002279A),Aathi Vinayaga Auto Store,21/07/00863,07-07-2021,4,45,153
The Thirumurugan Tractor Spares,P395233,O Ring,Aathi Vinayaga Auto Store,21/07/00863,07-07-2021,10,18,153
The Thirumurugan Tractor Spares,10006721AC,Rubber Boot For Shifter Hsg),Aathi Vinayaga Auto Store,21/07/00863,07-07-2021,2,45,76.5
The Thirumurugan Tractor Spares,10054329AA,Kit For Gear Shifter Spring &,Aathi Vinayaga Auto Store,21/07/00863,07-07-2021,2,40,68
The Thirumurugan Tractor Spares,10004836AB,Element Oil Lub. Filter,Aathi Vinayaga Auto Store,21/07/00863,07-07-2021,4,183,622.2
The Thirumurugan Tractor Spares,10004704AC,Oil Filter For Hyd.,Aathi Vinayaga Auto Store,21/07/00863,07-07-2021,4,181,615.4
The Thirumurugan Tractor Spares,P219411B,Pipe- Hose Copper Rad single piece 735,Aathi Vinayaga Auto Store,21/07/00863,07-07-2021,2,288,489.6
The Thirumurugan Tractor Spares,P219412B,Pipe- Hose (Engine To Radiator),Aathi Vinayaga Auto Store,21/07/00863,07-07-2021,2,320,544
The Thirumurugan Tractor Spares,P713050,Hose (Thermostat To Water Pump Adapter),Aathi Vinayaga Auto Store,21/07/00863,07-07-2021,2,195,331.5
The Thirumurugan Tractor Spares,P712003D,Pipe- Hose (Rubber),Aathi Vinayaga Auto Store,21/07/00863,07-07-2021,2,138,234.6
The Thirumurugan Tractor Spares,P219225A,"Hose (Manifold,Water Inlet To Water Pump)",Aathi Vinayaga Auto Store,21/07/00863,07-07-2021,2,295,501.5
The Thirumurugan Tractor Spares,P10001300B,Crown Wheel & Tail Pinion Set (Modified) 13/42,Aathi Vinayaga Auto Store,21/09/01853,11-09-2021,1,6375,5418.75
The Thirumurugan Tractor Spares,P700070,Rim- Wheel (Front) (Off White),Aathi Vinayaga Auto Store,21/09/01853,11-09-2021,2,2395,4071.5
The Thirumurugan Tractor Spares,P761603D,Shifter Assembly (High-Low),Aathi Vinayaga Auto Store,21/09/01853,11-09-2021,1,429,364.65
The Thirumurugan Tractor Spares,P222038,Shaft- Output,Aathi Vinayaga Auto Store,21/09/01853,11-09-2021,1,1250,1062.5
The Thirumurugan Tractor Spares,Q322522,"Shaft- Intermediate (Z16/12,311 Mm Long)",Aathi Vinayaga Auto Store,21/09/01853,11-09-2021,1,2895,2460.75
The Thirumurugan Tractor Spares,P222037A,Sleeve- Coupling (High-Low),Aathi Vinayaga Auto Store,21/09/01853,11-09-2021,1,725,616.25
The Thirumurugan Tractor Spares,P700070,Rim- Wheel (Front) (Off White),Aathi Vinayaga Auto Store,21/09/01968,20-09-2021,2,2043,3473.1
The Thirumurugan Tractor Spares,P10003417A,Kit- Front Axle Beam Special Bolt - ord steering,Aathi Vinayaga Auto Store,21/09/01968,20-09-2021,2,838,1424.6
The Thirumurugan Tractor Spares,P780948B,Filter Assembly (Transmission),Aathi Vinayaga Auto Store,21/09/01968,20-09-2021,4,323,1098.2
The Thirumurugan Tractor Spares,P219225A,"Hose (Manifold,Water Inlet To Water Pump)",Aathi Vinayaga Auto Store,21/09/01968,20-09-2021,5,299,1270.75
The Thirumurugan Tractor Spares,P386535B,Dipstick Assembly,Aathi Vinayaga Auto Store,21/09/01968,20-09-2021,3,123,313.65
The Thirumurugan Tractor Spares,P10003930A,Mirror- Rear View (Type-Ii),Aathi Vinayaga Auto Store,21/09/01968,20-09-2021,2,446,758.2
The Thirumurugan Tractor Spares,P713026B,Pipe- Fuel (Semi Metalic)(Pump To Filter,Aathi Vinayaga Auto Store,21/09/01968,20-09-2021,5,180,765
The Thirumurugan Tractor Spares,P309184C,Cable- Drive (Tractor Meter)(1810 Mm Lon,Aathi Vinayaga Auto Store,21/09/01968,20-09-2021,5,305,1296.25
The Thirumurugan Tractor Spares,P386553,Pipe- Brake (Right),Aathi Vinayaga Auto Store,21/09/01968,20-09-2021,4,251,853.4
The Thirumurugan Tractor Spares,P386552,Pipe- Brake (Left),Aathi Vinayaga Auto Store,21/09/01968,20-09-2021,4,247,839.8
The Thirumurugan Tractor Spares,P713025C,Pipe- Fuel Metallic,Aathi Vinayaga Auto Store,21/09/01968,20-09-2021,5,152,646
The Thirumurugan Tractor Spares,P395600F,Pipe- Fuel (Fuel Tank To Water Seprator),Aathi Vinayaga Auto Store,21/09/01968,20-09-2021,8,234,1591.2
The Thirumurugan Tractor Spares,P759203A,Disc Plate (Steel),Aathi Vinayaga Auto Store,21/09/01968,20-09-2021,20,435,7395
The Thirumurugan Tractor Spares,P759201B,Liner- Brake (Wet Brake),Aathi Vinayaga Auto Store,21/09/01968,20-09-2021,8,700,4760
The Thirumurugan Tractor Spares,M17109,Bush- Warpped,Aathi Vinayaga Auto Store,21/09/01968,20-09-2021,50,100,4250
The Thirumurugan Tractor Spares,P295400D,Cock- Fuel Take Off,Aathi Vinayaga Auto Store,21/09/01968,20-09-2021,6,465,2371.5
The Thirumurugan Tractor Spares,P311275,Grommet- Nylon,Aathi Vinayaga Auto Store,21/09/01968,20-09-2021,20,14,238
The Thirumurugan Tractor Spares,P280032,Spring- Tension Brake Pedal,Aathi Vinayaga Auto Store,21/09/01968,20-09-2021,10,48,408
The Thirumurugan Tractor Spares,P000328,Kit- Tie Rod End Assembly (Left/Right),Aathi Vinayaga Auto Store,21/09/01968,20-09-2021,4,719,2444.6
The Thirumurugan Tractor Spares,P730003,Pin- Pivot,Aathi Vinayaga Auto Store,21/09/01968,20-09-2021,3,949,2419.95
The Thirumurugan Tractor Spares,P759202B,Boot- Rubber (Wet Brake),Aathi Vinayaga Auto Store,21/09/01968,20-09-2021,10,290,2465
The Thirumurugan Tractor Spares,P386423,Seal- Oil,Aathi Vinayaga Auto Store,21/09/01968,20-09-2021,10,77,654.5
The Thirumurugan Tractor Spares,P386659,Seal- Oil (Rock Shaft Sealing) 50X65X8 mm,Aathi Vinayaga Auto Store,21/09/01968,20-09-2021,10,112,952
The Thirumurugan Tractor Spares,P295100H,Cap Assembly- Fuel Tank(Stainless Steel),Aathi Vinayaga Auto Store,21/09/01968,20-09-2021,2,260,442
The Thirumurugan Tractor Spares,P219410A,Fan- Radiator (834/735),Aathi Vinayaga Auto Store,21/09/01968,20-09-2021,5,158,671.5
The Thirumurugan Tractor Spares,P319410B,Fan- Radiator,Aathi Vinayaga Auto Store,21/09/01968,20-09-2021,3,202,515.1
The Thirumurugan Tractor Spares,P10002279A,Switch Assembly- Start,Aathi Vinayaga Auto Store,21/09/01968,20-09-2021,4,424,1441.6
The Thirumurugan Tractor Spares,P319215F,Manifold-Inlet (Water),Aathi Vinayaga Auto Store,21/09/01968,20-09-2021,2,741,1259.7
The Thirumurugan Tractor Spares,P319213D,"Manifold-Outlet (Water, 3 Cylinder)",Aathi Vinayaga Auto Store,21/09/01968,20-09-2021,1,819,696.15
The Thirumurugan Tractor Spares,P000840,Kit- Piston Rings (Ram Cylinder),Aathi Vinayaga Auto Store,21/09/01968,20-09-2021,5,515,2188.75
The Thirumurugan Tractor Spares,P000703,Kit- O Ring For Hydraulic Pump,Aathi Vinayaga Auto Store,21/09/01968,20-09-2021,1,74,62.9
The Thirumurugan Tractor Spares,P000304,Kit- O Ring For Control Valve,Aathi Vinayaga Auto Store,21/09/01968,20-09-2021,1,29,24.65
The Thirumurugan Tractor Spares,P000321,"Kit- O Ring (Hydraulics,1000 Kg)",Aathi Vinayaga Auto Store,21/09/01968,20-09-2021,1,206,175.1
The Thirumurugan Tractor Spares,P386408,O Ring (Rock Shaft Bush Flange),Aathi Vinayaga Auto Store,21/09/01968,20-09-2021,10,56,476
The Thirumurugan Tractor Spares,P386407,O Ring (Rock Shaft Bush),Aathi Vinayaga Auto Store,21/09/01968,20-09-2021,20,56,952
The Thirumurugan Tractor Spares,P210141B,Seal- Oil,Aathi Vinayaga Auto Store,21/09/01968,20-09-2021,4,610,2074
The Thirumurugan Tractor Spares,P10001227D,Cross (With Changed Material),Aathi Vinayaga Auto Store,21/09/01968,20-09-2021,2,1105,1878.5
The Thirumurugan Tractor Spares,P795370,Strap Assembly - alt P795370A,Aathi Vinayaga Auto Store,21/09/01968,20-09-2021,5,36,153
The Thirumurugan Tractor Spares,P395265,Strap Assembly (735 xm/843 xm),Aathi Vinayaga Auto Store,21/09/01968,20-09-2021,5,64,272
The Thirumurugan Tractor Spares,P222038,Shaft- Output,Aathi Vinayaga Auto Store,21/09/01968,20-09-2021,2,1250,2125
The Thirumurugan Tractor Spares,P280013B,Rod- Connecting,Aathi Vinayaga Auto Store,21/09/01968,20-09-2021,2,707,1201.9
The Thirumurugan Tractor Spares,P222037A,Sleeve- Coupling (High-Low),Aathi Vinayaga Auto Store,21/09/01968,20-09-2021,2,650,1105
The Thirumurugan Tractor Spares,P10001168A,Switch- Neutral Safety,Aathi Vinayaga Auto Store,21/09/01968,20-09-2021,3,330,841.5
The Thirumurugan Tractor Spares,P119221E,Gauge- Water Temperature,Aathi Vinayaga Auto Store,21/09/01968,20-09-2021,2,794,1349.8
The Thirumurugan Tractor Spares,P761519,Gauge- Electrical Temprature,Aathi Vinayaga Auto Store,21/09/01968,20-09-2021,2,355,603.5
The Thirumurugan Tractor Spares,P706080A,Cushion Assembly (New),Aathi Vinayaga Auto Store,21/09/01968,20-09-2021,3,1410,3595.5
The Thirumurugan Tractor Spares,10023509AD,Driver Seat (With Smv Option),Aathi Vinayaga Auto Store,21/09/01968,20-09-2021,1,5740,4879
The Thirumurugan Tractor Spares,10004836AB,Element Oil Lub. Filter,Aathi Vinayaga Auto Store,21/09/01968,20-09-2021,2,183,311.1
The Thirumurugan Tractor Spares,20003761AA,Tapper Roller Bearing 3982/392,Aathi Vinayaga Auto Store,21/09/01968,20-09-2021,2,775,1317.5
The Thirumurugan Tractor Spares,10002575AA,Fuel Filter Kit,Aathi Vinayaga Auto Store,21/09/01968,20-09-2021,2,131,222.7
The Thirumurugan Tractor Spares,4070170090,Oil Seal  90*70*12,Aathi Vinayaga Auto Store,21/09/01968,20-09-2021,10,65,552.5
The Thirumurugan Tractor Spares,4070263082,Oil Seal 82.6*63.5*10,Aathi Vinayaga Auto Store,21/09/01968,20-09-2021,5,45,191.25
The Thirumurugan Tractor Spares,10026706AB,Lip Seal (Oil),Aathi Vinayaga Auto Store,21/09/01968,20-09-2021,10,50,425
The Thirumurugan Tractor Spares,10024095AC,Rubber Boot,Aathi Vinayaga Auto Store,21/09/01968,20-09-2021,4,200,680
The Thirumurugan Tractor Spares,10007129AA,Gasket(Trumpet Hsg),Aathi Vinayaga Auto Store,21/09/01968,20-09-2021,4,30,102
The Thirumurugan Tractor Spares,10009441AB,Gasket For Brake Hsg (Oib).,Aathi Vinayaga Auto Store,21/09/01968,20-09-2021,4,28,95.2
The Thirumurugan Tractor Spares,P000845,Kit- Steering Wheel With Cap,Aathi Vinayaga Auto Store,21/09/02033,23-09-2021,2,1378,2342.6
The Thirumurugan Tractor Spares,P319434,Pipe- Hose,Aathi Vinayaga Auto Store,21/09/02033,23-09-2021,1,259,220.15
The Thirumurugan Tractor Spares,P10000239A,Hose (Thermostat To Radiator)(735Fe/Xm),Aathi Vinayaga Auto Store,21/09/02033,23-09-2021,2,216,367.2
The Thirumurugan Tractor Spares,P250068,Sleeve- Coupling - for PTO Shaft,Aathi Vinayaga Auto Store,21/09/02033,23-09-2021,1,513,436.05
The Thirumurugan Tractor Spares,P222037A,Sleeve- Coupling (High-Low),Aathi Vinayaga Auto Store,21/09/02033,23-09-2021,1,725,616.25
The Thirumurugan Tractor Spares,Q722074A,Shaft- Drive (92 Mm Long),Aathi Vinayaga Auto Store,21/09/02033,23-09-2021,1,1996,1696.6
The Thirumurugan Tractor Spares,P322505,Gear Z-24/17 alt Q322505,Aathi Vinayaga Auto Store,21/09/02033,23-09-2021,1,1285,1092.25
The Thirumurugan Tractor Spares,Q722519,Gear Z-35/12 (Outer Diameter-129 Mm),Aathi Vinayaga Auto Store,21/09/02033,23-09-2021,1,2100,1785
The Thirumurugan Tractor Spares,P733768,Washer,Aathi Vinayaga Auto Store,21/09/02033,23-09-2021,10,24,204
The Thirumurugan Tractor Spares,P000820,Kit- Reverse Gear Repair (724/834/735),Aathi Vinayaga Auto Store,21/09/02033,23-09-2021,1,1012,860.2
The Thirumurugan Tractor Spares,P281052,Sleeve- for PTO Shaft with step,Aathi Vinayaga Auto Store,21/09/02033,23-09-2021,1,290,246.5
The Thirumurugan Tractor Spares,P222038,Shaft- Output,Aathi Vinayaga Auto Store,21/09/02033,23-09-2021,1,999,849.15
The Thirumurugan Tractor Spares,Q722073,"Shaft- Input (Z-21/12-8-21,329 Mm Long)",Aathi Vinayaga Auto Store,21/09/02033,23-09-2021,1,3295,2800.75
The Thirumurugan Tractor Spares,P231004B,Ring- Wear,Aathi Vinayaga Auto Store,21/09/02033,23-09-2021,4,98,333.2
The Thirumurugan Tractor Spares,P706603A,Ring- Wear (Improved),Aathi Vinayaga Auto Store,21/09/02033,23-09-2021,4,100,340
The Thirumurugan Tractor Spares,Q722522,"Shaft- Intermediate(Z16,Z21/12,311 Mm Lo",Aathi Vinayaga Auto Store,21/09/02033,23-09-2021,1,3250,3087.5
The Thirumurugan Tractor Spares,COU001,Courier Charges,Aathi Vinayaga Auto Store,21/09/02033,23-09-2021,2,50,100
The Thirumurugan Tractor Spares,SMS10,Swaraj Marathon Super 10L,Aathi Vinayaga Auto Store,21/09/02068,24-09-2021,2,2989,4782.4
The Thirumurugan Tractor Spares,Q722522,"Shaft- Intermediate(Z16,Z21/12,311 Mm Lo",Aathi Vinayaga Auto Store,21/09/02068,24-09-2021,1,3250,3087.5
The Thirumurugan Tractor Spares,P10000136C,Hub- Front Axle power steering - 4 hole hub cap ,Aathi Vinayaga Auto Store,21/11/02637,12-11-2021,2,2250,3825
The Thirumurugan Tractor Spares,P333071,Cylinder- Hydraulic (Power Steering ),Aathi Vinayaga Auto Store,21/12/02889,03-12-2021,1,7080,6018
The Thirumurugan Tractor Spares,M17109,Bush- Warpped,Aathi Vinayaga Auto Store,21/12/02889,03-12-2021,40,100,3400
The Thirumurugan Tractor Spares,10039929AA,Saarthi Engine Oil 10 L,Aathi Vinayaga Auto Store,21/12/02968,09-12-2021,2,3302,5415.28
The Thirumurugan Tractor Spares,REX-14C,Rexroth Hyd Pump Swaraj 14CC,Aathi Vinayaga Auto Store,21/12/02968,09-12-2021,1,3800,3420
The Thirumurugan Tractor Spares,P706080A,Cushion Assembly (New),Aathi Vinayaga Auto Store,21/12/02968,09-12-2021,2,1410,2397
The Thirumurugan Tractor Spares,Q322573,"Shaft- Input (Z-20/12-21,394 Mm Long)",Aathi Vinayaga Auto Store,21/12/02985,10-12-2021,1,3211,2729.35
The Thirumurugan Tractor Spares,Q722074A,Shaft- Drive (92 Mm Long),Aathi Vinayaga Auto Store,21/12/02985,10-12-2021,1,1996,1696.6
The Thirumurugan Tractor Spares,M77650A,Seal- Oil (45X62X10 Mm),Aathi Vinayaga Auto Store,21/12/02985,10-12-2021,2,128,217.6
The Thirumurugan Tractor Spares,M77636A,Seal- Oil (28X35X7 Mm),Aathi Vinayaga Auto Store,21/12/02985,10-12-2021,2,75,127.5
The Thirumurugan Tractor Spares,Q322573,"Shaft- Input (Z-20/12-21,394 Mm Long)",Aathi Vinayaga Auto Store,22/01/03359,05-01-2022,1,3211,2729.35
The Thirumurugan Tractor Spares,Q722074A,Shaft- Drive (92 Mm Long),Aathi Vinayaga Auto Store,22/01/03359,05-01-2022,1,1996,1696.6
The Thirumurugan Tractor Spares,P313209A,Camshaft Assembly,Aathi Vinayaga Auto Store,22/03/04135,03-03-2022,1,5419,4606.15
The Thirumurugan Tractor Spares,P310808C,Shell- Silencer Assembly,Aathi Vinayaga Auto Store,22/03/04180,07-03-2022,2,1440,2448
The Thirumurugan Tractor Spares,P706080A,Cushion Assembly (New),Aathi Vinayaga Auto Store,22/03/04180,07-03-2022,1,1520,1292
The Thirumurugan Tractor Spares,P795370,Strap Assembly - alt P795370A,Aathi Vinayaga Auto Store,22/03/04180,07-03-2022,5,36,153
The Thirumurugan Tractor Spares,P10002279A,Switch Assembly- Start,Aathi Vinayaga Auto Store,22/03/04180,07-03-2022,3,444,1132.2
The Thirumurugan Tractor Spares,P10003280A,"Sleeve, Coupling (4Wd) - ALT P250016",Aathi Vinayaga Auto Store,22/03/04180,07-03-2022,2,355,603.5
The Thirumurugan Tractor Spares,P000841,Rings- Piston (Ram Cylinder)(744/855Lift,Aathi Vinayaga Auto Store,22/03/04180,07-03-2022,3,570,1453.5
The Thirumurugan Tractor Spares,P386408,O Ring (Rock Shaft Bush Flange),Aathi Vinayaga Auto Store,22/03/04180,07-03-2022,10,60,510
The Thirumurugan Tractor Spares,M14421,Sleeve- Spring Dowel (M4X28 Mm),Aathi Vinayaga Auto Store,22/03/04180,07-03-2022,30,9,229.5
The Thirumurugan Tractor Spares,P10001801A,Bracket- Guide,Aathi Vinayaga Auto Store,22/03/04180,07-03-2022,3,503,1282.65
The Thirumurugan Tractor Spares,P10005849A,Cross (Improved),Aathi Vinayaga Auto Store,22/03/04180,07-03-2022,2,1045,1776.5
The Thirumurugan Tractor Spares,10071015AC,Fuel Tank Cap With Key,Aathi Vinayaga Auto Store,22/03/04180,07-03-2022,2,250,425
The Thirumurugan Tractor Spares,10054330AA,Kit For Gear Shifter Spring & STEEL BALL S-3,Aathi Vinayaga Auto Store,22/03/04180,07-03-2022,5,95,403.75
The Thirumurugan Tractor Spares,P000325A,Kit- Bevel Pinion/Wheel &Cross (744/855),Aathi Vinayaga Auto Store,22/03/04180,07-03-2022,2,5443,9253.1
The Thirumurugan Tractor Spares,P386407,O Ring (Rock Shaft Bush),Aathi Vinayaga Auto Store,22/03/04180,07-03-2022,20,57,969
The Thirumurugan Tractor Spares,P723004A,Spring,Aathi Vinayaga Auto Store,22/03/04180,07-03-2022,10,21,178.5
The Thirumurugan Tractor Spares,P10001168A,Switch- Neutral Safety,Aathi Vinayaga Auto Store,22/03/04180,07-03-2022,3,345,879.75
The Thirumurugan Tractor Spares,P386448,Rod- Sensor (Tapered Neck),Aathi Vinayaga Auto Store,22/03/04180,07-03-2022,2,345,586.5
The Thirumurugan Tractor Spares,P000761,Kit- Spring & Steel Ball (For Gearbox),Aathi Vinayaga Auto Store,22/03/04180,07-03-2022,6,90,459
The Thirumurugan Tractor Spares,P783080E,Link Assembly- Rocker,Aathi Vinayaga Auto Store,22/03/04180,07-03-2022,2,1040,1768
The Thirumurugan Tractor Spares,P295400D,Cock- Fuel Take Off,Aathi Vinayaga Auto Store,22/03/04180,07-03-2022,2,510,867
The Thirumurugan Tractor Spares,P761601D,Lever Assembly- Gear Shifter,Aathi Vinayaga Auto Store,22/03/04180,07-03-2022,3,590,1504.5
The Thirumurugan Tractor Spares,P386552,Pipe- Brake (Left),Aathi Vinayaga Auto Store,22/03/04180,07-03-2022,2,251,426.7
The Thirumurugan Tractor Spares,P386553,Pipe- Brake (Right),Aathi Vinayaga Auto Store,22/03/04180,07-03-2022,2,251,426.7
The Thirumurugan Tractor Spares,P210141B,Seal- Oil,Aathi Vinayaga Auto Store,22/03/04180,07-03-2022,3,610,1555.5
The Thirumurugan Tractor Spares,P395600F,Pipe- Fuel (Fuel Tank To Water Seprator),Aathi Vinayaga Auto Store,22/03/04180,07-03-2022,4,234,795.6
The Thirumurugan Tractor Spares,P313329,Housing Assembly- Mesh (744Xm-855Xm),Aathi Vinayaga Auto Store,22/03/04180,07-03-2022,1,967,821.95
The Thirumurugan Tractor Spares,P309184C,Cable- Drive (Tractor Meter)(1810 Mm Lon,Aathi Vinayaga Auto Store,22/03/04180,07-03-2022,5,305,1296.25
The Thirumurugan Tractor Spares,M00833,Bolt- Banjo (M18X1.5 Mm),Aathi Vinayaga Auto Store,22/03/04180,07-03-2022,10,58,493
The Thirumurugan Tractor Spares,P250032,Spring - Brake Pedal,Aathi Vinayaga Auto Store,22/03/04180,07-03-2022,8,95,646
The Thirumurugan Tractor Spares,P783870,Plate Assembly (Left),Aathi Vinayaga Auto Store,22/03/04180,07-03-2022,2,820,1394
The Thirumurugan Tractor Spares,P783890,Plate Assembly (Right),Aathi Vinayaga Auto Store,22/03/04180,07-03-2022,2,830,1411
